{
  "hash": "35c2891d",
  "browserHash": "6ead9c7f",
  "optimized": {
    "react": {
      "src": "../../react/index.js",
      "file": "react.js",
      "fileHash": "38a34b76",
      "needsInterop": true
    },
    "react/jsx-dev-runtime": {
      "src": "../../react/jsx-dev-runtime.js",
      "file": "react_jsx-dev-runtime.js",
      "fileHash": "5b31a5e7",
      "needsInterop": true
    },
    "react-dom/client": {
      "src": "../../react-dom/client.js",
      "file": "react-dom_client.js",
      "fileHash": "9de33e4e",
      "needsInterop": true
    },
    "react-router-dom": {
      "src": "../../react-router-dom/dist/index.js",
      "file": "react-router-dom.js",
      "fileHash": "f9e618d1",
      "needsInterop": false
    },
    "framer-motion": {
      "src": "../../framer-motion/dist/es/index.mjs",
      "file": "framer-motion.js",
      "fileHash": "89b0399e",
      "needsInterop": false
    },
    "@emailjs/browser": {
      "src": "../../@emailjs/browser/es/index.js",
      "file": "@emailjs_browser.js",
      "fileHash": "33c0cf41",
      "needsInterop": false
    },
    "@react-three/fiber": {
      "src": "../../@react-three/fiber/dist/react-three-fiber.esm.js",
      "file": "@react-three_fiber.js",
      "fileHash": "dfce9b14",
      "needsInterop": false
    },
    "@react-three/drei": {
      "src": "../../@react-three/drei/index.js",
      "file": "@react-three_drei.js",
      "fileHash": "5d3d1d79",
      "needsInterop": false
    },
    "react-vertical-timeline-component": {
      "src": "../../react-vertical-timeline-component/dist-es6/index.js",
      "file": "react-vertical-timeline-component.js",
      "fileHash": "e7938358",
      "needsInterop": true
    }
  },
  "chunks": {
    "chunk-MH6OOWFU": {
      "file": "chunk-MH6OOWFU.js"
    },
    "chunk-ZK6T5TI4": {
      "file": "chunk-ZK6T5TI4.js"
    },
    "chunk-XYHIZJXG": {
      "file": "chunk-XYHIZJXG.js"
    },
    "chunk-ZGRSIX2Q": {
      "file": "chunk-ZGRSIX2Q.js"
    },
    "chunk-ROME4SDB": {
      "file": "chunk-ROME4SDB.js"
    }
  }
}